{
    "lower_limit": -1.57079633,
    "upper_limit": 1.57079633,
    "intervals": 1000000
}
